,id,nickname,registration_date,country_id,user_type,tags,logo,points,site_id,permalink,address.city,address.state,seller_reputation.level_id,seller_reputation.power_seller_status,seller_reputation.transactions.canceled,seller_reputation.transactions.completed,seller_reputation.transactions.period,seller_reputation.transactions.ratings.negative,seller_reputation.transactions.ratings.neutral,seller_reputation.transactions.ratings.positive,seller_reputation.transactions.total,buyer_reputation.tags,status.site_status,seller_reputation.real_level,seller_reputation.protection_end_date
0,32124939,CAREBA,2010-08-12T17:19:22.000-04:00,AR,normal,"['normal', 'user_info_verified']",,67,MLA,http://perfil.mercadolibre.com.ar/CAREBA,Colegiales,AR-C,5_green,,5,25,historic,0.04,0.19,0.77,30,[],active,,
1,310482213,VORÜK.HOME,2018-03-26T14:31:09.000-04:00,AR,normal,"['normal', 'user_info_verified', 'eshop', 'mshops']",,3556,MLA,http://perfil.mercadolibre.com.ar/VOR%C3%9CK.HOME,Villa Crespo,AR-C,5_green,platinum,525,16423,historic,0.01,0.01,0.98,16948,[],active,,
2,156456217,JUANMANUELCURRAO,2014-04-01T09:32:49.000-04:00,AR,normal,"['normal', 'user_info_verified', 'mshops']",,836,MLA,http://perfil.mercadolibre.com.ar/JUANMANUELCURRAO,Haedo,AR-B,5_green,gold,75,2106,historic,0.0,0.01,0.99,2181,[],active,,
3,90093812,MAR_ROCC2005,2005-12-21T08:59:07.000-04:00,AR,normal,"['normal', 'user_info_verified']",,184,MLA,http://perfil.mercadolibre.com.ar/MAR_ROCC2005,Villa Urquiza,AR-C,5_green,,3,44,historic,0.0,0.0,1.0,47,[],active,,
4,163511772,TABAQUERIAINGLESA0,2014-07-29T12:59:59.000-04:00,AR,normal,"['normal', 'user_info_verified', 'eshop', 'mshops']",,1086,MLA,http://perfil.mercadolibre.com.ar/TABAQUERIAINGLESA0,Retiro,AR-C,5_green,silver,179,4762,historic,0.02,0.02,0.96,4941,[],active,,
5,79460998,MAQUISHOP ARGENTINA,2005-03-24T22:21:49.000-04:00,AR,normal,"['normal', 'user_info_verified', 'eshop']",,301,MLA,http://perfil.mercadolibre.com.ar/MAQUISHOP+ARGENTINA,Palermo Soho,AR-C,5_green,,4,34,historic,0.0,0.0,1.0,38,[],active,,
6,71986229,GIANCUERVITO,2011-10-15T08:24:14.000-04:00,AR,normal,"['normal', 'user_info_verified']",,108,MLA,http://perfil.mercadolibre.com.ar/GIANCUERVITO,Parque Chacabuco,AR-C,5_green,,10,35,historic,0.0,0.0,1.0,45,[],active,,
7,173208279,ALEJ-66,2014-12-16T17:54:37.000-04:00,AR,normal,"['normal', 'user_info_verified']",,53,MLA,http://perfil.mercadolibre.com.ar/ALEJ-66,Villa Urquiza,AR-C,5_green,,8,82,historic,0.08,0.0,0.92,90,[],active,,
8,49215560,KAJIN2011,2011-03-21T17:54:51.000-04:00,AR,normal,"['normal', 'user_info_verified', 'eshop', 'mshops']",,2355,MLA,http://perfil.mercadolibre.com.ar/KAJIN2011,Belgrano,AR-C,5_green,silver,46,549,historic,0.01,0.0,0.99,595,[],active,,
9,41887812,TEDATEX,2011-01-18T20:54:19.000-04:00,AR,normal,"['normal', 'user_info_verified']",,1004,MLA,http://perfil.mercadolibre.com.ar/TEDATEX,Balvanera,AR-C,4_light_green,,2,10,historic,0.0,0.0,1.0,12,[],active,,
10,287263428,MENDEZSILVASIMON,2017-11-28T07:48:26.000-04:00,AR,normal,"['normal', 'user_info_verified']",,1,MLA,http://perfil.mercadolibre.com.ar/MENDEZSILVASIMON,Bragado,AR-B,5_green,,3,10,historic,0.0,0.0,1.0,13,[],active,,
11,549722484,IMPORTADORALC,2020-04-20T14:13:15.000-04:00,AR,normal,"['normal', 'user_info_verified', 'eshop', 'mshops']",,316,MLA,http://perfil.mercadolibre.com.ar/IMPORTADORALC,Tigre,AR-B,5_green,gold,101,2949,historic,0.02,0.03,0.95,3050,[],active,,
12,173208279,ALEJ-66,2014-12-16T17:54:37.000-04:00,AR,normal,"['normal', 'user_info_verified']",,53,MLA,http://perfil.mercadolibre.com.ar/ALEJ-66,Villa Urquiza,AR-C,5_green,,8,82,historic,0.08,0.0,0.92,90,[],active,,
13,446514570,CARME1967,2019-06-23T23:55:27.000-04:00,AR,normal,"['normal', 'user_info_verified']",,43,MLA,http://perfil.mercadolibre.com.ar/CARME1967,Caseros,AR-B,5_green,,10,29,historic,0.0,0.1,0.9,39,[],active,,
14,77223775,LOS ESTANCIEROS,2004-11-30T10:53:47.000-04:00,AR,normal,"['normal', 'user_info_verified']",,452,MLA,http://perfil.mercadolibre.com.ar/LOS+ESTANCIEROS,Buenos aires,AR-B,4_light_green,,2,8,historic,0.0,0.0,1.0,10,[],active,,
15,48178472,SELPACK_,2008-04-10T16:30:59.000-04:00,AR,normal,"['normal', 'user_info_verified']",,125,MLA,http://perfil.mercadolibre.com.ar/SELPACK_,El Palomar,AR-B,5_green,,1,45,historic,0.03,0.0,0.97,46,[],active,,
16,202364665,COOL-WAVES,2016-01-03T21:18:21.000-04:00,AR,normal,"['normal', 'user_info_verified']",,155,MLA,http://perfil.mercadolibre.com.ar/COOL-WAVES,Villa Devoto,AR-C,5_green,,1,13,historic,0.0,0.01,0.99,14,[],active,,
17,35391381,YIYI88,2003-12-04T23:21:54.000-04:00,AR,normal,"['normal', 'user_info_verified']",,122,MLA,http://perfil.mercadolibre.com.ar/YIYI88,Palermo,AR-C,5_green,,1,11,historic,0.0,0.0,1.0,12,[],active,,
18,153491318,DELLOREAN,2014-02-04T15:34:53.000-04:00,AR,normal,"['normal', 'user_info_verified', 'developer']",,24573,MLA,http://perfil.mercadolibre.com.ar/DELLOREAN,Villa Devoto,AR-C,5_green,platinum,941,16467,historic,0.01,0.01,0.98,17408,[],active,,
19,140240626,GAONA NEXT,2013-06-13T15:44:59.000-04:00,AR,normal,"['normal', 'user_info_verified', 'eshop', 'mshops']",,17529,MLA,http://perfil.mercadolibre.com.ar/GAONA+NEXT,Villa del Parque,AR-C,5_green,platinum,1663,31923,historic,0.02,0.01,0.97,33586,[],active,,
20,549722484,IMPORTADORALC,2020-04-20T14:13:15.000-04:00,AR,normal,"['normal', 'user_info_verified', 'eshop', 'mshops']",,316,MLA,http://perfil.mercadolibre.com.ar/IMPORTADORALC,Tigre,AR-B,5_green,gold,101,2949,historic,0.02,0.03,0.95,3050,[],active,,
21,549722484,IMPORTADORALC,2020-04-20T14:13:15.000-04:00,AR,normal,"['normal', 'user_info_verified', 'eshop', 'mshops']",,316,MLA,http://perfil.mercadolibre.com.ar/IMPORTADORALC,Tigre,AR-B,5_green,gold,101,2949,historic,0.02,0.03,0.95,3050,[],active,,
22,91912637,GERGER17,2006-02-23T09:49:43.000-04:00,AR,normal,"['normal', 'user_info_verified']",,41,MLA,http://perfil.mercadolibre.com.ar/GERGER17,Florida,AR-B,4_light_green,,3,7,historic,0.08,0.0,0.92,10,[],active,,
23,77223775,LOS ESTANCIEROS,2004-11-30T10:53:47.000-04:00,AR,normal,"['normal', 'user_info_verified']",,452,MLA,http://perfil.mercadolibre.com.ar/LOS+ESTANCIEROS,Buenos aires,AR-B,4_light_green,,2,8,historic,0.0,0.0,1.0,10,[],active,,
24,141334189,LUZ BRILLANTE101,2013-07-02T19:19:54.000-04:00,AR,normal,"['normal', 'user_info_verified', 'mshops']",,1250,MLA,http://perfil.mercadolibre.com.ar/LUZ+BRILLANTE101,Caba,AR-C,5_green,silver,26,976,historic,0.0,0.01,0.99,1002,[],active,,
25,77223775,LOS ESTANCIEROS,2004-11-30T10:53:47.000-04:00,AR,normal,"['normal', 'user_info_verified']",,452,MLA,http://perfil.mercadolibre.com.ar/LOS+ESTANCIEROS,Buenos aires,AR-B,4_light_green,,2,8,historic,0.0,0.0,1.0,10,[],active,,
26,520029640,IVANSANTIAGO333,2020-01-29T03:29:44.000-04:00,AR,normal,"['normal', 'user_info_verified']",,21,MLA,http://perfil.mercadolibre.com.ar/IVANSANTIAGO333,Olivos,AR-B,5_green,,11,33,historic,0.0,0.0,1.0,44,[],active,,
27,34116215,LABORATORIO RUNAESSENCE,2003-11-25T13:38:35.000-04:00,AR,normal,"['normal', 'user_info_verified']",,1635,MLA,http://perfil.mercadolibre.com.ar/LABORATORIO+RUNAESSENCE,Florida,AR-B,5_green,,32,462,historic,0.01,0.0,0.99,494,[],active,,
28,153834187,ASHIRA.DIAZ,2014-04-25T07:10:51.000-04:00,AR,normal,"['normal', 'user_info_verified', 'mshops']",,211,MLA,http://perfil.mercadolibre.com.ar/ASHIRA.DIAZ,Belgrano,AR-C,4_light_green,,6,25,historic,0.01,0.01,0.98,31,[],active,,
29,520029640,IVANSANTIAGO333,2020-01-29T03:29:44.000-04:00,AR,normal,"['normal', 'user_info_verified']",,21,MLA,http://perfil.mercadolibre.com.ar/IVANSANTIAGO333,Olivos,AR-B,5_green,,11,33,historic,0.0,0.0,1.0,44,[],active,,
30,202364665,COOL-WAVES,2016-01-03T21:18:21.000-04:00,AR,normal,"['normal', 'user_info_verified']",,155,MLA,http://perfil.mercadolibre.com.ar/COOL-WAVES,Villa Devoto,AR-C,5_green,,1,13,historic,0.0,0.01,0.99,14,[],active,,
31,162348489,DORAL-COM,2014-07-11T11:15:36.000-04:00,AR,normal,"['normal', 'user_info_verified', 'eshop', 'mshops']",,451,MLA,http://perfil.mercadolibre.com.ar/DORAL-COM,Núñez,AR-C,5_green,silver,63,819,historic,0.0,0.04,0.96,882,[],active,,
32,258213736,TECHNOPHONE.BSAS,2017-05-27T21:08:27.000-04:00,AR,normal,"['normal', 'user_info_verified']",,57,MLA,http://perfil.mercadolibre.com.ar/TECHNOPHONE.BSAS,Saavedra,AR-C,4_light_green,,2,8,historic,0.0,0.0,1.0,10,[],active,,
33,281568151,MONARDOGASTON,2017-11-03T14:01:56.000-04:00,AR,normal,"['normal', 'user_info_verified']",,370,MLA,http://perfil.mercadolibre.com.ar/MONARDOGASTON,Carapachay,AR-B,5_green,,16,341,historic,0.01,0.0,0.99,357,[],active,,
34,61326830,MAGUSENORINO,2008-11-28T18:50:27.000-04:00,AR,normal,"['normal', 'user_info_verified']",,38,MLA,http://perfil.mercadolibre.com.ar/MAGUSENORINO,Retiro,AR-C,4_light_green,,10,4,historic,0.0,0.0,1.0,14,[],active,,
35,156797658,1889 F,2014-09-29T13:54:20.000-04:00,AR,normal,"['normal', 'user_info_verified']",,125,MLA,http://perfil.mercadolibre.com.ar/1889+F,Rosario,AR-S,5_green,,3,40,historic,0.0,0.0,1.0,43,[],active,,
36,81466624,REFRIVAN,2009-07-11T18:13:59.000-04:00,AR,normal,"['normal', 'user_info_verified', 'eshop', 'mshops']",,3325,MLA,http://perfil.mercadolibre.com.ar/REFRIVAN,Remedios de Escalada,AR-B,5_green,platinum,160,3184,historic,0.01,0.02,0.97,3344,[],active,,
37,280028287,LUFA5478829,2017-10-25T10:10:26.000-04:00,AR,normal,"['normal', 'user_info_verified']",,146,MLA,http://perfil.mercadolibre.com.ar/LUFA5478829,Caballito,AR-C,5_green,,1,11,historic,0.0,0.0,1.0,12,[],active,,
38,67773594,T.CE,2011-08-24T15:38:08.000-04:00,AR,normal,"['normal', 'user_info_verified', 'eshop', 'mshops']",,1881,MLA,http://perfil.mercadolibre.com.ar/T.CE,Villa Luro,AR-C,5_green,,26,446,historic,0.0,0.01,0.99,472,[],active,,
39,671441975,INNOVA_WATCHES,2020-11-12T09:03:03.000-04:00,AR,normal,"['normal', 'user_info_verified']",,3,MLA,http://perfil.mercadolibre.com.ar/INNOVA_WATCHES,Villa Pueyrredón,AR-C,,,1,6,historic,0.0,0.0,1.0,7,[],active,,
40,352897044,HAGOPI2019,2018-09-09T08:01:29.000-04:00,AR,normal,"['normal', 'user_info_verified']",,11,MLA,http://perfil.mercadolibre.com.ar/HAGOPI2019,Recoleta,AR-C,,,3,4,historic,0.0,0.0,1.0,7,[],active,,
41,132195527,ALE_D2013,2013-01-20T21:36:56.000-04:00,AR,normal,"['normal', 'user_info_verified']",,140,MLA,http://perfil.mercadolibre.com.ar/ALE_D2013,Berazategui,AR-B,5_green,,7,50,historic,0.01,0.0,0.99,57,[],active,,
42,193735011,SOMA9376188,2015-10-01T15:59:38.000-04:00,AR,normal,"['normal', 'user_info_verified', 'mshops']",,21,MLA,http://perfil.mercadolibre.com.ar/SOMA9376188,VillaPueyrredón,AR-C,4_light_green,,5,32,historic,0.0,0.0,1.0,37,[],active,,
43,78924124,HIGH-ELECTRONICS,2005-02-21T11:03:47.000-04:00,AR,normal,"['normal', 'user_info_verified', 'mshops']",,245,MLA,http://perfil.mercadolibre.com.ar/HIGH-ELECTRONICS,Palermo,AR-C,4_light_green,,3,19,historic,0.0,0.01,0.99,22,[],active,,
44,5724243,FONOLANDIAOK,2007-02-17T23:05:36.000-04:00,AR,normal,"['normal', 'user_info_verified']",,152,MLA,http://perfil.mercadolibre.com.ar/FONOLANDIAOK,Bernal,AR-B,4_light_green,,6,18,historic,0.0,0.0,1.0,24,[],active,,
45,59744342,STINGER.AUTO,2011-06-16T22:13:40.000-04:00,AR,car_dealer,"['car_dealer', 'user_info_verified']",,982,MLA,http://perfil.mercadolibre.com.ar/STINGER.AUTO,Villa Devoto,AR-C,5_green,,1,18,historic,0.0,0.0,1.0,19,[],active,,
46,13869180,NEW-TECHNOLOGY.COM.AR,2007-04-16T13:22:44.000-04:00,AR,normal,"['normal', 'user_info_verified', 'eshop', 'mshops']",,7168,MLA,http://perfil.mercadolibre.com.ar/NEW-TECHNOLOGY.COM.AR,CABA San nicolas,AR-C,5_green,silver,56,705,historic,0.01,0.01,0.98,761,[],active,yellow,2021-04-21T00:00:00.000-04:00
47,280028287,LUFA5478829,2017-10-25T10:10:26.000-04:00,AR,normal,"['normal', 'user_info_verified']",,146,MLA,http://perfil.mercadolibre.com.ar/LUFA5478829,Caballito,AR-C,5_green,,1,11,historic,0.0,0.0,1.0,12,[],active,,
48,76867391,NICK HARD,2004-11-11T21:35:28.000-04:00,AR,normal,"['normal', 'user_info_verified', 'eshop', 'mshops']",,8441,MLA,http://perfil.mercadolibre.com.ar/NICK+HARD,Olivos,AR-B,5_green,platinum,204,2894,historic,0.01,0.0,0.99,3098,[],active,,
49,36218609,JEREZMAURO,2007-08-27T17:32:46.000-04:00,AR,normal,"['normal', 'user_info_verified']",,10,MLA,http://perfil.mercadolibre.com.ar/JEREZMAURO,Gral. Alvear,AR-M,4_light_green,,3,9,historic,0.27,0.0,0.73,12,[],active,,
50,116855,CONEJO1,1999-11-17T00:00:00.000-04:00,AR,normal,"['normal', 'user_info_verified']",,431,MLA,http://perfil.mercadolibre.com.ar/CONEJO1,Villa Devoto,AR-C,5_green,,3,11,historic,0.0,0.0,1.0,14,[],active,,
51,59895103,JSM1991,2011-06-18T09:47:43.000-04:00,AR,normal,"['normal', 'user_info_verified']",,99,MLA,http://perfil.mercadolibre.com.ar/JSM1991,Belgrano,AR-C,5_green,,0,25,historic,0.0,0.08,0.92,25,[],active,,
52,108525375,SUBLIME-FOR-MEN,2012-04-06T16:14:48.000-04:00,AR,normal,"['normal', 'user_info_verified', 'eshop', 'mshops']",,4316,MLA,http://perfil.mercadolibre.com.ar/SUBLIME-FOR-MEN,Lanús Oeste,AR-B,5_green,gold,85,1389,historic,0.0,0.01,0.99,1474,[],active,,
53,64320884,CLAUDIAFISCALINI,2011-07-19T15:40:46.000-04:00,AR,normal,"['normal', 'user_info_verified']",,165,MLA,http://perfil.mercadolibre.com.ar/CLAUDIAFISCALINI,Caballito,AR-C,5_green,,5,15,historic,0.0,0.0,1.0,20,[],active,,
54,159202659,MATI253,2018-03-07T17:49:42.000-04:00,AR,normal,"['normal', 'user_info_verified']",,81,MLA,http://perfil.mercadolibre.com.ar/MATI253,General San Martin,AR-B,4_light_green,,2,12,historic,0.0,0.0,1.0,14,[],active,,
55,145852661,GONZALO.PENA,2013-09-16T12:24:22.000-04:00,AR,normal,"['normal', 'user_info_verified']",,294,MLA,http://perfil.mercadolibre.com.ar/GONZALO.PENA,Villa Luro,AR-C,5_green,,4,10,historic,0.0,0.0,1.0,14,[],active,,
56,172101560,RODRIMVARELA,2014-12-01T11:36:17.000-04:00,AR,normal,"['normal', 'user_info_verified']",,31,MLA,http://perfil.mercadolibre.com.ar/RODRIMVARELA,Caballito,AR-C,4_light_green,,1,9,historic,0.0,0.0,1.0,10,[],active,,
57,648364611,LUPITATHRIFT,2020-09-19T01:13:47.000-04:00,AR,normal,"['normal', 'user_info_verified']",,8,MLA,http://perfil.mercadolibre.com.ar/LUPITATHRIFT,Belgrano,AR-C,5_green,,5,15,historic,0.0,0.08,0.92,20,[],active,,
58,21786887,FABI-MOTO,2010-01-03T14:24:35.000-04:00,AR,normal,"['normal', 'user_info_verified']",,197,MLA,http://perfil.mercadolibre.com.ar/FABI-MOTO,san cristobal,AR-C,4_light_green,,1,10,historic,0.0,0.0,1.0,11,[],active,,
59,163604365,JAVI_11_76,2014-07-30T16:44:26.000-04:00,AR,normal,"['normal', 'user_info_verified']",,418,MLA,http://perfil.mercadolibre.com.ar/JAVI_11_76,Villa Lugano,AR-C,4_light_green,,3,33,historic,0.01,0.02,0.97,36,[],active,,
60,145852661,GONZALO.PENA,2013-09-16T12:24:22.000-04:00,AR,normal,"['normal', 'user_info_verified']",,294,MLA,http://perfil.mercadolibre.com.ar/GONZALO.PENA,Villa Luro,AR-C,5_green,,4,10,historic,0.0,0.0,1.0,14,[],active,,
61,81525684,ADRIVAREL2009,2009-07-13T16:18:51.000-04:00,AR,normal,"['normal', 'user_info_verified', 'mshops']",,108,MLA,http://perfil.mercadolibre.com.ar/ADRIVAREL2009,General San Martín,AR-B,4_light_green,,2,10,historic,0.0,0.0,1.0,12,[],active,,
62,102055,BULGARI,1999-08-21T00:00:00.000-04:00,AR,normal,"['normal', 'user_info_verified', 'eshop']",,320,MLA,http://perfil.mercadolibre.com.ar/BULGARI,Capital Federal,AR-C,4_light_green,,1,9,historic,0.01,0.0,0.99,10,[],active,,
63,14784135,BARBEL_,2007-03-27T16:51:28.000-04:00,AR,normal,"['normal', 'user_info_verified']",,8086,MLA,http://perfil.mercadolibre.com.ar/BARBEL_,Caballito,AR-C,5_green,platinum,296,6211,historic,0.0,0.01,0.99,6507,[],active,,
64,470817630,HDMI ONLINE,2019-09-13T15:27:21.000-04:00,AR,normal,"['normal', 'user_info_verified']",,533,MLA,http://perfil.mercadolibre.com.ar/HDMI+ONLINE,Saavedra,AR-C,5_green,gold,183,1752,historic,0.03,0.0,0.97,1935,[],active,,
65,278897053,STOCKAUDIOARTE,2017-10-18T11:26:48.000-04:00,AR,normal,"['normal', 'user_info_verified']",,1034,MLA,http://perfil.mercadolibre.com.ar/STOCKAUDIOARTE,Rosario,AR-S,5_green,silver,76,1032,historic,0.0,0.01,0.99,1108,[],active,,
66,19643492,PIÑON825,2007-06-19T19:53:10.000-04:00,AR,normal,"['normal', 'user_info_verified']",,54,MLA,http://perfil.mercadolibre.com.ar/PI%C3%91ON825,quilmes,AR-B,4_light_green,,5,8,historic,0.0,0.0,1.0,13,[],active,,
67,210416441,GRASPAULINA,2016-04-04T23:31:51.000-04:00,AR,normal,"['normal', 'user_info_verified', 'from_facebook']",,11,MLA,http://perfil.mercadolibre.com.ar/GRASPAULINA,Lomas de Zamora,AR-B,5_green,,5,20,historic,0.0,0.0,1.0,25,[],active,,
68,258570928,BAIRES-INC,2017-05-30T14:32:47.000-04:00,AR,normal,"['normal', 'user_info_verified', 'eshop']",,49,MLA,http://perfil.mercadolibre.com.ar/BAIRES-INC,Mataderos,AR-C,4_light_green,,2,9,historic,0.0,0.0,1.0,11,[],active,,
69,167100048,CAMILASEGATORE,2014-09-19T13:19:46.000-04:00,AR,normal,"['normal', 'user_info_verified']",,29,MLA,http://perfil.mercadolibre.com.ar/CAMILASEGATORE,Alcorta,AR-S,4_light_green,,2,21,historic,0.0,0.0,1.0,23,[],active,,
70,270042012,CLICKTRONIC10,2017-08-23T17:10:17.000-04:00,AR,normal,"['normal', 'user_info_verified']",,45,MLA,http://perfil.mercadolibre.com.ar/CLICKTRONIC10,Martinez,AR-B,5_green,,1,24,historic,0.01,0.0,0.99,25,[],active,,
71,325481289,SIRODIRITO,2018-10-29T21:10:37.000-04:00,AR,normal,"['normal', 'user_info_verified']",,37,MLA,http://perfil.mercadolibre.com.ar/SIRODIRITO,Villa Pueyrredón,AR-C,4_light_green,,1,11,historic,0.0,0.0,1.0,12,[],active,,
72,548686323,ELREYDELCUBOIG,2020-04-17T20:09:12.000-04:00,AR,normal,"['normal', 'user_info_verified']",,15,MLA,http://perfil.mercadolibre.com.ar/ELREYDELCUBOIG,Lomas Del Mirador,AR-B,4_light_green,,6,25,historic,0.0,0.11,0.89,31,[],active,,
73,43275244,ON CELULAR,2004-02-03T21:53:49.000-04:00,AR,normal,"['normal', 'user_info_verified', 'eshop', 'medium_seller']",,126507,MLA,http://perfil.mercadolibre.com.ar/ON+CELULAR,Capital Federal,AR-C,5_green,gold,182,2189,historic,0.03,0.01,0.96,2371,[],active,,
74,22937220,ZOOM,2003-05-30T00:00:00.000-04:00,AR,normal,"['normal', 'user_info_verified', 'eshop']",,441,MLA,http://perfil.mercadolibre.com.ar/ZOOM,Martinez,AR-B,5_green,,4,40,historic,0.0,0.0,1.0,44,[],active,,
75,1049581,CELLELECTRONICS,2006-10-24T17:46:13.000-04:00,AR,normal,"['normal', 'user_info_verified']",,767,MLA,http://perfil.mercadolibre.com.ar/CELLELECTRONICS,Barrio Norte,AR-C,5_green,,8,29,historic,0.1,0.0,0.9,37,[],active,,
76,225073697,FEDEDEOLIVOS1,2016-08-12T08:29:16.000-04:00,AR,normal,"['normal', 'user_info_verified']",,208,MLA,http://perfil.mercadolibre.com.ar/FEDEDEOLIVOS1,Olivos Vicente Lopez,AR-B,5_green,,3,60,historic,0.0,0.01,0.99,63,[],active,,
77,179747512,PEQUEÑESES,2015-03-23T08:56:02.000-04:00,AR,normal,"['normal', 'user_info_verified']",,451,MLA,http://perfil.mercadolibre.com.ar/PEQUE%C3%91ESES,Adrogue,AR-B,5_green,silver,21,197,historic,0.02,0.01,0.97,218,[],active,green_silver,2021-05-01T00:00:00.000-04:00
78,23451615,H_G,2003-06-10T00:00:00.000-04:00,AR,normal,"['normal', 'user_info_verified']",,503,MLA,http://perfil.mercadolibre.com.ar/H_G,Núñez,AR-C,4_light_green,,6,19,historic,0.0,0.0,1.0,25,[],active,,
79,163604365,JAVI_11_76,2014-07-30T16:44:26.000-04:00,AR,normal,"['normal', 'user_info_verified']",,418,MLA,http://perfil.mercadolibre.com.ar/JAVI_11_76,Villa Lugano,AR-C,4_light_green,,3,33,historic,0.01,0.02,0.97,36,[],active,,
80,232279211,KLOVERA7,2016-10-23T10:46:24.000-04:00,AR,normal,"['normal', 'user_info_verified']",,12,MLA,http://perfil.mercadolibre.com.ar/KLOVERA7,Palermo,AR-C,,,3,1,historic,0.0,0.0,1.0,4,[],active,,
81,69319030,MGP20811,2011-09-13T08:07:37.000-04:00,AR,normal,"['normal', 'user_info_verified']",,147,MLA,http://perfil.mercadolibre.com.ar/MGP20811,La Boca,AR-C,,,5,2,historic,0.0,0.0,1.0,7,[],active,,
82,245973799,MATIASTAGLIAMONTE,2018-03-07T16:33:09.000-04:00,AR,normal,"['normal', 'user_info_verified']",,0,MLA,http://perfil.mercadolibre.com.ar/MATIASTAGLIAMONTE,Palermo,AR-C,,,0,0,historic,0.0,0.0,0.0,0,[],active,,
83,300957683,YIMYGONZAL,2018-02-07T20:07:24.000-04:00,AR,normal,"['normal', 'user_info_verified']",,3,MLA,http://perfil.mercadolibre.com.ar/YIMYGONZAL,Villa Crespo,AR-C,,,4,1,historic,0.0,0.0,1.0,5,[],active,,
84,69319030,MGP20811,2011-09-13T08:07:37.000-04:00,AR,normal,"['normal', 'user_info_verified']",,147,MLA,http://perfil.mercadolibre.com.ar/MGP20811,La Boca,AR-C,,,5,2,historic,0.0,0.0,1.0,7,[],active,,
85,489342081,NEWSTY,2019-11-14T06:13:11.000-04:00,AR,normal,"['normal', 'user_info_verified']",,2,MLA,http://perfil.mercadolibre.com.ar/NEWSTY,Bahía Blanca,AR-B,,,1,5,historic,0.0,0.0,1.0,6,[],active,,
86,329468851,MEEN4581933,2018-06-18T22:20:46.000-04:00,AR,normal,"['normal', 'user_info_verified']",,7,MLA,http://perfil.mercadolibre.com.ar/MEEN4581933,Belgrano,AR-C,,,0,2,historic,0.0,0.0,1.0,2,[],active,,
87,388863349,PHONE_STORE_AR,2018-12-21T17:55:42.000-04:00,AR,normal,"['normal', 'user_info_verified', 'mshops']",,220,MLA,http://perfil.mercadolibre.com.ar/PHONE_STORE_AR,Parque Patricios,AR-C,3_yellow,,59,797,historic,0.03,0.02,0.95,856,[],active,,
88,388863349,PHONE_STORE_AR,2018-12-21T17:55:42.000-04:00,AR,normal,"['normal', 'user_info_verified', 'mshops']",,220,MLA,http://perfil.mercadolibre.com.ar/PHONE_STORE_AR,Parque Patricios,AR-C,3_yellow,,59,797,historic,0.03,0.02,0.95,856,[],active,,
89,132642560,ELECTRONICSTYLE,2013-01-29T02:37:41.000-04:00,AR,normal,"['normal', 'user_info_verified']",,88,MLA,http://perfil.mercadolibre.com.ar/ELECTRONICSTYLE,Villa Pueyrredón,AR-C,3_yellow,,12,24,historic,0.03,0.01,0.96,36,[],active,,
90,240667021,VENTASNORDELTA,2017-01-13T07:55:57.000-04:00,AR,normal,"['normal', 'user_info_verified']",,65,MLA,http://perfil.mercadolibre.com.ar/VENTASNORDELTA,Nordelta,AR-B,,,3,1,historic,0.06,0.01,0.93,4,[],active,,
91,69319030,MGP20811,2011-09-13T08:07:37.000-04:00,AR,normal,"['normal', 'user_info_verified']",,147,MLA,http://perfil.mercadolibre.com.ar/MGP20811,La Boca,AR-C,,,5,2,historic,0.0,0.0,1.0,7,[],active,,
92,475181836,GRGE623670,2019-09-29T09:54:39.000-04:00,AR,normal,"['normal', 'user_info_verified']",,7,MLA,http://perfil.mercadolibre.com.ar/GRGE623670,San Miguel,AR-B,,,2,0,historic,0.0,1.0,0.0,2,[],active,,
93,73121878,AURONF1,2009-04-10T23:49:55.000-04:00,AR,normal,"['normal', 'user_info_verified']",,91,MLA,http://perfil.mercadolibre.com.ar/AURONF1,Liniers,AR-C,,,0,5,historic,0.0,0.0,1.0,5,[],active,,
94,110778237,MBM_TEACHER,2012-07-24T10:59:16.000-04:00,AR,normal,"['normal', 'user_info_verified']",,45,MLA,http://perfil.mercadolibre.com.ar/MBM_TEACHER,Parque Chacabuco,AR-C,,,0,2,historic,0.0,0.0,1.0,2,[],active,,
95,160396300,JUANGROUS,2014-06-07T19:19:00.000-04:00,AR,normal,"['normal', 'user_info_verified']",,23,MLA,http://perfil.mercadolibre.com.ar/JUANGROUS,VillaDevoto,AR-C,,,0,1,historic,0.0,0.0,1.0,1,[],active,,
96,138089019,ANGAGUS14,2013-05-11T20:43:43.000-04:00,AR,normal,"['normal', 'user_info_verified']",,20,MLA,http://perfil.mercadolibre.com.ar/ANGAGUS14,Olivos,AR-B,,,3,6,historic,0.0,0.0,1.0,9,[],active,,
97,383018504,MOVIPOINT3D,2018-12-03T09:54:21.000-04:00,AR,normal,"['normal', 'user_info_verified', 'eshop', 'mshops']",,178,MLA,http://perfil.mercadolibre.com.ar/MOVIPOINT3D,Retiro,AR-C,3_yellow,,176,1028,historic,0.05,0.03,0.92,1204,[],active,,
98,318306712,ALRI1022731,2018-05-01T21:25:09.000-04:00,AR,normal,"['normal', 'user_info_verified']",,3,MLA,http://perfil.mercadolibre.com.ar/ALRI1022731,Vaqueros,AR-A,,,0,0,historic,0.0,0.0,0.0,0,[],active,,
99,19140075,MARTINPU,2007-06-01T16:27:48.000-04:00,AR,normal,"['normal', 'user_info_verified']",,260,MLA,http://perfil.mercadolibre.com.ar/MARTINPU,BARRACAS,AR-C,,,3,6,historic,0.02,0.0,0.98,9,[],active,,
100,220825646,SOFI.06,2016-07-11T18:45:47.000-04:00,AR,normal,"['normal', 'user_info_verified', 'mshops']",,124,MLA,http://perfil.mercadolibre.com.ar/SOFI.06,Lomas de Zamora,AR-B,5_green,,8,14,historic,0.0,0.0,1.0,22,[],active,,
101,446514570,CARME1967,2019-06-23T23:55:27.000-04:00,AR,normal,"['normal', 'user_info_verified']",,43,MLA,http://perfil.mercadolibre.com.ar/CARME1967,Caseros,AR-B,5_green,,10,29,historic,0.0,0.1,0.9,39,[],active,,
102,362115047,CRISTIAN1814BS,2018-10-10T13:19:14.000-04:00,AR,normal,"['normal', 'user_info_verified']",,15,MLA,http://perfil.mercadolibre.com.ar/CRISTIAN1814BS,Cañuelas,AR-B,5_green,,3,13,historic,0.0,0.0,1.0,16,[],active,,
103,179747512,PEQUEÑESES,2015-03-23T08:56:02.000-04:00,AR,normal,"['normal', 'user_info_verified']",,451,MLA,http://perfil.mercadolibre.com.ar/PEQUE%C3%91ESES,Adrogue,AR-B,5_green,silver,21,197,historic,0.02,0.01,0.97,218,[],active,green_silver,2021-05-01T00:00:00.000-04:00
104,132730198,MAXIMILIANOTATAY,2013-01-30T15:11:00.000-04:00,AR,normal,"['normal', 'user_info_verified']",,49,MLA,http://perfil.mercadolibre.com.ar/MAXIMILIANOTATAY,Caba,AR-C,,,1,1,historic,0.0,0.02,0.98,2,[],active,,
105,292633456,SOFTOPEDIADMC,2017-12-27T15:24:23.000-04:00,AR,normal,"['normal', 'user_info_verified', 'mshops']",,73,MLA,http://perfil.mercadolibre.com.ar/SOFTOPEDIADMC,Palermo,AR-C,,,0,1,historic,0.0,0.0,1.0,1,[],active,,
106,34374663,VIRGINIAOFELIA,2010-09-30T08:03:13.000-04:00,AR,normal,"['normal', 'user_info_verified', 'mshops']",,53,MLA,http://perfil.mercadolibre.com.ar/VIRGINIAOFELIA,Gonzalez Catan,AR-B,,,0,4,historic,0.29,0.0,0.71,4,[],active,,
107,105667366,ALEXCORDERO1998,2012-03-15T13:55:27.000-04:00,AR,normal,"['normal', 'user_info_verified']",,25,MLA,http://perfil.mercadolibre.com.ar/ALEXCORDERO1998,Quilmes Oeste,AR-B,,,1,0,historic,0.0,0.0,1.0,1,[],active,,
108,709749300,MONI3393755,2021-02-01T21:27:14.000-04:00,AR,normal,"['normal', 'user_info_verified']",,0,MLA,http://perfil.mercadolibre.com.ar/MONI3393755,Quilmes,AR-B,,,0,2,historic,0.0,1.0,0.0,2,[],active,,
109,120923292,DANIELBARRIONUEVO709,2012-09-02T19:44:48.000-04:00,AR,normal,"['normal', 'user_info_verified']",,1,MLA,http://perfil.mercadolibre.com.ar/DANIELBARRIONUEVO709,San Fernando Del Valle De Cata,AR-K,,,0,1,historic,0.0,1.0,0.0,1,[],active,,
110,281025154,JUAN PEREZ1996,2017-10-31T12:34:02.000-04:00,AR,normal,"['normal', 'user_info_verified']",,2,MLA,http://perfil.mercadolibre.com.ar/JUAN+PEREZ1996,argentina,AR-B,,,8,0,historic,0.0,0.0,1.0,8,[],active,,
111,201954594,CANDELABLASCO,2015-12-28T14:49:05.000-04:00,AR,normal,"['normal', 'user_info_verified']",,6,MLA,http://perfil.mercadolibre.com.ar/CANDELABLASCO,Caballito,AR-C,,,0,0,historic,0.0,0.0,0.0,0,[],active,,
112,20647325,BEELSPINELLI,2012-01-16T23:06:28.000-04:00,AR,normal,"['normal', 'user_info_verified']",,2,MLA,http://perfil.mercadolibre.com.ar/BEELSPINELLI,Mariano Acosta,AR-B,,,0,0,historic,0.0,0.0,0.0,0,[],active,,
113,178472327,DAMIANMYKA,2015-03-04T14:43:19.000-04:00,AR,normal,"['normal', 'user_info_verified']",,9,MLA,http://perfil.mercadolibre.com.ar/DAMIANMYKA,Moreno,AR-B,,,2,3,historic,0.0,0.0,1.0,5,[],active,,
114,264033130,GIMA6111392,2017-07-11T22:06:40.000-04:00,AR,normal,"['normal', 'user_info_verified']",,0,MLA,http://perfil.mercadolibre.com.ar/GIMA6111392,Avellaneda,AR-B,,,2,0,historic,0.0,1.0,0.0,2,[],active,,
115,362115047,CRISTIAN1814BS,2018-10-10T13:19:14.000-04:00,AR,normal,"['normal', 'user_info_verified']",,15,MLA,http://perfil.mercadolibre.com.ar/CRISTIAN1814BS,Cañuelas,AR-B,5_green,,3,13,historic,0.0,0.0,1.0,16,[],active,,
116,23921868,FELIVOLPA,2010-02-16T15:12:32.000-04:00,AR,normal,"['normal', 'user_info_verified']",,107,MLA,http://perfil.mercadolibre.com.ar/FELIVOLPA,Palermo,AR-C,5_green,,0,11,historic,0.0,0.0,1.0,11,[],active,,
117,425744482,PERRONINOEL26,2019-04-10T16:43:10.000-04:00,AR,normal,"['normal', 'user_info_verified']",,5,MLA,http://perfil.mercadolibre.com.ar/PERRONINOEL26,Liniers,AR-C,,,0,1,historic,0.0,0.0,1.0,1,[],active,,
118,267834963,ARCOIRIS78,2018-11-08T21:49:50.000-04:00,AR,normal,"['normal', 'user_info_verified', 'from_facebook']",,6,MLA,http://perfil.mercadolibre.com.ar/ARCOIRIS78,Belén de Escobar,AR-B,,,0,0,historic,0.0,0.0,0.0,0,[],active,,
119,236822024,LOLA CAKES,2016-12-05T16:14:11.000-04:00,AR,normal,"['normal', 'user_info_verified']",,31,MLA,http://perfil.mercadolibre.com.ar/LOLA+CAKES,San Telmo,AR-C,,,0,1,historic,0.0,0.0,1.0,1,[],active,,
120,264033130,GIMA6111392,2017-07-11T22:06:40.000-04:00,AR,normal,"['normal', 'user_info_verified']",,0,MLA,http://perfil.mercadolibre.com.ar/GIMA6111392,Avellaneda,AR-B,,,2,0,historic,0.0,1.0,0.0,2,[],active,,
121,204588505,LUISMIGUELCOPEANDIA,2016-01-29T05:18:33.000-04:00,AR,normal,"['normal', 'user_info_verified']",,1,MLA,http://perfil.mercadolibre.com.ar/LUISMIGUELCOPEANDIA,Flores,AR-C,,,0,0,historic,0.0,0.0,0.0,0,[],active,,
122,169522035,ING.JUANPINTO,2015-08-07T10:51:02.000-04:00,AR,normal,"['normal', 'user_info_verified']",,35,MLA,http://perfil.mercadolibre.com.ar/ING.JUANPINTO,San Telmo,AR-C,,,1,7,historic,0.0,0.0,1.0,8,[],active,,
123,77562632,JUAN_FAR,2009-05-26T22:35:45.000-04:00,AR,normal,"['normal', 'user_info_verified']",,100,MLA,http://perfil.mercadolibre.com.ar/JUAN_FAR,Tandil,AR-B,,,0,3,historic,0.0,0.0,1.0,3,[],active,,
124,264033130,GIMA6111392,2017-07-11T22:06:40.000-04:00,AR,normal,"['normal', 'user_info_verified']",,0,MLA,http://perfil.mercadolibre.com.ar/GIMA6111392,Avellaneda,AR-B,,,2,0,historic,0.0,1.0,0.0,2,[],active,,
125,174050659,CAJH181889,2014-12-30T20:51:39.000-04:00,AR,normal,"['normal', 'user_info_verified']",,5,MLA,http://perfil.mercadolibre.com.ar/CAJH181889,General Pacheco,AR-B,,,0,0,historic,0.0,0.0,0.0,0,[],active,,
126,277529990,DONGQINWANG,2017-10-09T17:13:00.000-04:00,AR,normal,"['normal', 'user_info_verified']",,12,MLA,http://perfil.mercadolibre.com.ar/DONGQINWANG,Retiro,AR-C,,,0,2,historic,0.0,0.0,1.0,2,[],active,,
127,665385701,ELRINCONCITOONLINE,2020-10-29T11:07:54.000-04:00,AR,normal,"['normal', 'user_info_verified']",,4,MLA,http://perfil.mercadolibre.com.ar/ELRINCONCITOONLINE,Boedo,AR-C,,,0,0,historic,0.0,0.0,0.0,0,[],active,,
128,216540361,POFR6200220,2016-06-07T19:20:05.000-04:00,AR,normal,"['normal', 'user_info_verified']",,7,MLA,http://perfil.mercadolibre.com.ar/POFR6200220,General Ramirez,AR-E,,,0,1,historic,0.0,0.0,1.0,1,[],active,,
129,716967857,MATU1600160,2021-02-17T20:10:33.000-04:00,AR,normal,"['normal', 'user_info_verified']",,0,MLA,http://perfil.mercadolibre.com.ar/MATU1600160,La Plata,AR-B,,,1,4,historic,0.0,1.0,0.0,5,[],active,,
130,167941223,NIICOWEIN,2014-10-01T15:43:00.000-04:00,AR,normal,"['normal', 'user_info_verified']",,8,MLA,http://perfil.mercadolibre.com.ar/NIICOWEIN,Ramos Mejia,AR-B,,,0,3,historic,0.5,0.0,0.5,3,[],active,,
131,173805509,FLIESSTOMAS,2014-12-26T00:00:00.000-04:00,AR,normal,"['normal', 'user_info_verified']",,19,MLA,http://perfil.mercadolibre.com.ar/FLIESSTOMAS,San Isidro,AR-B,,,0,1,historic,0.0,0.0,1.0,1,[],active,,
132,423175126,MANUELASALTO,2019-04-04T11:40:43.000-04:00,AR,normal,"['normal', 'user_info_verified']",,0,MLA,http://perfil.mercadolibre.com.ar/MANUELASALTO,Nueva Pompeya,AR-C,,,0,0,historic,0.0,0.0,0.0,0,[],active,,
133,102892797,EDGARDOFRIEDLANDER,2013-11-30T07:56:24.000-04:00,AR,normal,"['normal', 'user_info_verified']",,3,MLA,http://perfil.mercadolibre.com.ar/EDGARDOFRIEDLANDER,Almagro,AR-C,,,2,7,historic,0.19,0.0,0.81,9,[],active,,
134,18492773,MATEO_CBA,2007-05-14T13:15:23.000-04:00,AR,normal,"['normal', 'user_info_verified']",,6,MLA,http://perfil.mercadolibre.com.ar/MATEO_CBA,Córdoba,AR-X,,,0,0,historic,0.0,0.0,0.0,0,[],active,,
135,97433185,GOGUI_H,2006-08-16T18:16:29.000-04:00,AR,normal,"['normal', 'user_info_verified']",,2,MLA,http://perfil.mercadolibre.com.ar/GOGUI_H,Córdoba,AR-X,,,0,0,historic,0.0,0.0,0.0,0,[],active,,
136,46327061,TIOMUSA EXPRESS,2004-03-04T17:14:35.000-04:00,AR,normal,"['normal', 'user_info_verified', 'eshop', 'medium_seller']",,36893,MLA,http://perfil.mercadolibre.com.ar/TIOMUSA+EXPRESS,caba,AR-C,1_red,,6,44,historic,0.01,0.01,0.98,50,[],active,,
137,53457128,TOMYGALAN,2008-08-16T08:52:11.000-04:00,AR,normal,"['normal', 'user_info_verified']",,71,MLA,http://perfil.mercadolibre.com.ar/TOMYGALAN,Buenos Aires,AR-C,1_red,,15,56,historic,0.1,0.08,0.82,71,[],active,,
138,128479449,DANIMAINE,2013-05-27T21:10:38.000-04:00,AR,normal,"['normal', 'user_info_verified']",,103,MLA,http://perfil.mercadolibre.com.ar/DANIMAINE,Córdoba,AR-X,4_light_green,,1,11,historic,0.0,0.0,1.0,12,[],active,,
139,237783218,NODI4131485,2016-12-14T04:42:49.000-04:00,AR,normal,"['normal', 'user_info_verified']",,0,MLA,http://perfil.mercadolibre.com.ar/NODI4131485,Posadas,AR-N,,,0,0,historic,0.0,0.0,0.0,0,[],active,,
140,168475075,MOAD763294,2014-10-09T08:30:46.000-04:00,AR,normal,"['normal', 'user_info_verified']",,6,MLA,http://perfil.mercadolibre.com.ar/MOAD763294,flores,AR-B,,,0,1,historic,0.0,0.0,1.0,1,[],active,,
141,44322535,ALE WILSON,2008-01-29T22:25:50.000-04:00,AR,normal,"['normal', 'user_info_verified']",,109,MLA,http://perfil.mercadolibre.com.ar/ALE+WILSON,Santa Teresita,AR-B,4_light_green,,0,17,historic,0.02,0.0,0.98,17,[],active,,
142,465987980,MARY.ANDREINA,2019-08-29T12:06:57.000-04:00,AR,normal,"['normal', 'user_info_verified']",,0,MLA,http://perfil.mercadolibre.com.ar/MARY.ANDREINA,Santos Lugares,AR-B,,,0,0,historic,0.0,0.0,0.0,0,[],active,,
143,127741413,PERROTIEZO,2012-10-24T19:43:20.000-04:00,AR,normal,"['normal', 'user_info_verified']",,443,MLA,http://perfil.mercadolibre.com.ar/PERROTIEZO,Palermo,AR-C,,,0,9,historic,0.0,0.0,1.0,9,[],active,,
144,183781059,DIGR5873739,2015-05-20T20:35:12.000-04:00,AR,normal,"['normal', 'user_info_verified']",,23,MLA,http://perfil.mercadolibre.com.ar/DIGR5873739,La Boca,AR-C,1_red,,4,19,historic,0.0,0.0,1.0,23,[],active,,
145,116117202,PRADOHERNAN04,2012-07-04T17:08:13.000-04:00,AR,normal,"['normal', 'user_info_verified']",,7,MLA,http://perfil.mercadolibre.com.ar/PRADOHERNAN04,Villa Urquiza,AR-C,,,0,0,historic,1.0,0.0,0.0,0,[],active,,
146,4446539,REBIRTH07,2007-02-08T12:08:42.000-04:00,AR,normal,"['normal', 'user_info_verified', 'eshop']",,91,MLA,http://perfil.mercadolibre.com.ar/REBIRTH07,Merlo,AR-B,1_red,,13,19,historic,0.0,0.06,0.94,32,[],active,,
